team_uri,team_name,stadium,founded
http://dbpedia.org/resource/1992–93_Arsenal_F.C._season,1992–93 Arsenal F.C. season,http://dbpedia.org/resource/Arsenal_Stadium,Unknown
http://dbpedia.org/resource/1992–93_Aston_Villa_F.C._season,1992–93 Aston Villa F.C. season,http://dbpedia.org/resource/Villa_Park,Unknown
http://dbpedia.org/resource/1992–93_Blackburn_Rovers_F.C._season,1992–93 Blackburn Rovers F.C. season,http://dbpedia.org/resource/Ewood_Park,Unknown
http://dbpedia.org/resource/1992–93_Chelsea_F.C._season,1992–93 Chelsea F.C. season,http://dbpedia.org/resource/Stamford_Bridge_(stadium),Unknown
http://dbpedia.org/resource/1992–93_Coventry_City_F.C._season,1992–93 Coventry City F.C. season,http://dbpedia.org/resource/Highfield_Road,Unknown
http://dbpedia.org/resource/1992–93_Crystal_Palace_F.C._season,1992–93 Crystal Palace F.C. season,http://dbpedia.org/resource/Selhurst_Park,Unknown
http://dbpedia.org/resource/1992–93_Everton_F.C._season,1992–93 Everton F.C. season,http://dbpedia.org/resource/Goodison_Park,Unknown
http://dbpedia.org/resource/1992–93_Ipswich_Town_F.C._season,1992–93 Ipswich Town F.C. season,http://dbpedia.org/resource/Portman_Road,Unknown
http://dbpedia.org/resource/1992–93_Leeds_United_A.F.C._season,1992–93 Leeds United A.F.C. season,http://dbpedia.org/resource/Elland_Road,Unknown
http://dbpedia.org/resource/1992–93_Liverpool_F.C._season,1992–93 Liverpool F.C. season,Unknown,Unknown
http://dbpedia.org/resource/1992–93_Manchester_City_F.C._season,1992–93 Manchester City F.C. season,http://dbpedia.org/resource/Maine_Road,Unknown
http://dbpedia.org/resource/1992–93_Middlesbrough_F.C._season,1992–93 Middlesbrough F.C. season,http://dbpedia.org/resource/Ayresome_Park,Unknown
http://dbpedia.org/resource/1992–93_Norwich_City_F.C._season,1992–93 Norwich City F.C. season,http://dbpedia.org/resource/Carrow_Road,Unknown
http://dbpedia.org/resource/1992–93_Nottingham_Forest_F.C._season,1992–93 Nottingham Forest F.C. season,http://dbpedia.org/resource/City_Ground,Unknown
http://dbpedia.org/resource/1992–93_Oldham_Athletic_A.F.C._season,1992–93 Oldham Athletic A.F.C. season,http://dbpedia.org/resource/Boundary_Park,Unknown
http://dbpedia.org/resource/1992–93_Queens_Park_Rangers_F.C._season,1992–93 Queens Park Rangers F.C. season,http://dbpedia.org/resource/Loftus_Road,Unknown
http://dbpedia.org/resource/1992–93_Sheffield_United_F.C._season,1992–93 Sheffield United F.C. season,http://dbpedia.org/resource/Bramall_Lane,Unknown
http://dbpedia.org/resource/1992–93_Sheffield_Wednesday_F.C._season,1992–93 Sheffield Wednesday F.C. season,http://dbpedia.org/resource/Hillsborough_Stadium,Unknown
http://dbpedia.org/resource/1992–93_Southampton_F.C._season,1992–93 Southampton F.C. season,http://dbpedia.org/resource/The_Dell_(Southampton),Unknown
http://dbpedia.org/resource/1992–93_Tottenham_Hotspur_F.C._season,1992–93 Tottenham Hotspur F.C. season,http://dbpedia.org/resource/White_Hart_Lane,Unknown
http://dbpedia.org/resource/1992–93_Wimbledon_F.C._season,1992–93 Wimbledon F.C. season,http://dbpedia.org/resource/Selhurst_Park,Unknown
http://dbpedia.org/resource/1993–94_Arsenal_F.C._season,1993–94 Arsenal F.C. season,http://dbpedia.org/resource/Arsenal_Stadium,Unknown
http://dbpedia.org/resource/1993–94_Aston_Villa_F.C._season,1993–94 Aston Villa F.C. season,http://dbpedia.org/resource/Villa_Park,Unknown
http://dbpedia.org/resource/1993–94_Blackburn_Rovers_F.C._season,1993–94 Blackburn Rovers F.C. season,http://dbpedia.org/resource/Ewood_Park,Unknown
http://dbpedia.org/resource/1993–94_Chelsea_F.C._season,1993–94 Chelsea F.C. season,http://dbpedia.org/resource/Stamford_Bridge_(stadium),Unknown
http://dbpedia.org/resource/1993–94_Coventry_City_F.C._season,1993–94 Coventry City F.C. season,http://dbpedia.org/resource/Highfield_Road,Unknown
http://dbpedia.org/resource/1993–94_Everton_F.C._season,1993–94 Everton F.C. season,http://dbpedia.org/resource/Goodison_Park,Unknown
http://dbpedia.org/resource/1993–94_Ipswich_Town_F.C._season,1993–94 Ipswich Town F.C. season,Unknown,Unknown
http://dbpedia.org/resource/1993–94_Leeds_United_A.F.C._season,1993–94 Leeds United A.F.C. season,http://dbpedia.org/resource/Elland_Road,Unknown
http://dbpedia.org/resource/1993–94_Liverpool_F.C._season,1993–94 Liverpool F.C. season,http://dbpedia.org/resource/Anfield,Unknown
http://dbpedia.org/resource/1993–94_Manchester_City_F.C._season,1993–94 Manchester City F.C. season,http://dbpedia.org/resource/Maine_Road,Unknown
http://dbpedia.org/resource/1993–94_Norwich_City_F.C._season,1993–94 Norwich City F.C. season,http://dbpedia.org/resource/Carrow_Road,Unknown
http://dbpedia.org/resource/1993–94_Oldham_Athletic_A.F.C._season,1993–94 Oldham Athletic A.F.C. season,http://dbpedia.org/resource/Boundary_Park,Unknown
http://dbpedia.org/resource/1993–94_Queens_Park_Rangers_F.C._season,1993–94 Queens Park Rangers F.C. season,http://dbpedia.org/resource/Loftus_Road,Unknown
http://dbpedia.org/resource/1993–94_Sheffield_United_F.C._season,1993–94 Sheffield United F.C. season,http://dbpedia.org/resource/Bramall_Lane,Unknown
http://dbpedia.org/resource/1993–94_Sheffield_Wednesday_F.C._season,1993–94 Sheffield Wednesday F.C. season,http://dbpedia.org/resource/Hillsborough_Stadium,Unknown
http://dbpedia.org/resource/1993–94_Southampton_F.C._season,1993–94 Southampton F.C. season,http://dbpedia.org/resource/The_Dell_(Southampton),Unknown
http://dbpedia.org/resource/1993–94_Swindon_Town_F.C._season,1993–94 Swindon Town F.C. season,http://dbpedia.org/resource/County_Ground_(Swindon),Unknown
http://dbpedia.org/resource/1993–94_Tottenham_Hotspur_F.C._season,1993–94 Tottenham Hotspur F.C. season,http://dbpedia.org/resource/White_Hart_Lane,Unknown
http://dbpedia.org/resource/1993–94_West_Ham_United_F.C._season,1993–94 West Ham United F.C. season,http://dbpedia.org/resource/Boleyn_Ground,Unknown
http://dbpedia.org/resource/1993–94_Wimbledon_F.C._season,1993–94 Wimbledon F.C. season,http://dbpedia.org/resource/Selhurst_Park,Unknown
http://dbpedia.org/resource/1994–95_Arsenal_F.C._season,1994–95 Arsenal F.C. season,http://dbpedia.org/resource/Arsenal_Stadium,Unknown
http://dbpedia.org/resource/1994–95_Aston_Villa_F.C._season,1994–95 Aston Villa F.C. season,http://dbpedia.org/resource/Villa_Park,Unknown
http://dbpedia.org/resource/1994–95_Blackburn_Rovers_F.C._season,1994–95 Blackburn Rovers F.C. season,http://dbpedia.org/resource/Ewood_Park,Unknown
http://dbpedia.org/resource/1994–95_Chelsea_F.C._season,1994–95 Chelsea F.C. season,http://dbpedia.org/resource/Stamford_Bridge_(stadium),Unknown
http://dbpedia.org/resource/1994–95_Coventry_City_F.C._season,1994–95 Coventry City F.C. season,http://dbpedia.org/resource/Highfield_Road,Unknown
http://dbpedia.org/resource/1994–95_Crystal_Palace_F.C._season,1994–95 Crystal Palace F.C. season,http://dbpedia.org/resource/Selhurst_Park,Unknown
http://dbpedia.org/resource/1994–95_Everton_F.C._season,1994–95 Everton F.C. season,http://dbpedia.org/resource/Goodison_Park,Unknown
http://dbpedia.org/resource/1994–95_Ipswich_Town_F.C._season,1994–95 Ipswich Town F.C. season,Unknown,Unknown
http://dbpedia.org/resource/1994–95_Leeds_United_A.F.C._season,1994–95 Leeds United A.F.C. season,http://dbpedia.org/resource/Elland_Road,Unknown
http://dbpedia.org/resource/1994–95_Leicester_City_F.C._season,1994–95 Leicester City F.C. season,Unknown,Unknown
http://dbpedia.org/resource/1994–95_Liverpool_F.C._season,1994–95 Liverpool F.C. season,http://dbpedia.org/resource/Anfield,Unknown
http://dbpedia.org/resource/1994–95_Manchester_City_F.C._season,1994–95 Manchester City F.C. season,http://dbpedia.org/resource/Maine_Road,Unknown
http://dbpedia.org/resource/1994–95_Norwich_City_F.C._season,1994–95 Norwich City F.C. season,http://dbpedia.org/resource/Carrow_Road,Unknown
http://dbpedia.org/resource/1994–95_Nottingham_Forest_F.C._season,1994–95 Nottingham Forest F.C. season,http://dbpedia.org/resource/City_Ground,Unknown
http://dbpedia.org/resource/1994–95_Queens_Park_Rangers_F.C._season,1994–95 Queens Park Rangers F.C. season,http://dbpedia.org/resource/Loftus_Road,Unknown
http://dbpedia.org/resource/1994–95_Sheffield_Wednesday_F.C._season,1994–95 Sheffield Wednesday F.C. season,Unknown,Unknown
http://dbpedia.org/resource/1994–95_Southampton_F.C._season,1994–95 Southampton F.C. season,http://dbpedia.org/resource/The_Dell_(Southampton),Unknown
http://dbpedia.org/resource/1994–95_Tottenham_Hotspur_F.C._season,1994–95 Tottenham Hotspur F.C. season,http://dbpedia.org/resource/White_Hart_Lane,Unknown
http://dbpedia.org/resource/1994–95_West_Ham_United_F.C._season,1994–95 West Ham United F.C. season,http://dbpedia.org/resource/Boleyn_Ground,Unknown
http://dbpedia.org/resource/1994–95_Wimbledon_F.C._season,1994–95 Wimbledon F.C. season,http://dbpedia.org/resource/Selhurst_Park,Unknown
http://dbpedia.org/resource/1995–96_Arsenal_F.C._season,1995–96 Arsenal F.C. season,http://dbpedia.org/resource/Arsenal_Stadium,Unknown
http://dbpedia.org/resource/1995–96_Aston_Villa_F.C._season,1995–96 Aston Villa F.C. season,http://dbpedia.org/resource/Villa_Park,Unknown
http://dbpedia.org/resource/1995–96_Blackburn_Rovers_F.C._season,1995–96 Blackburn Rovers F.C. season,http://dbpedia.org/resource/Ewood_Park,Unknown
http://dbpedia.org/resource/1995–96_Bolton_Wanderers_F.C._season,1995–96 Bolton Wanderers F.C. season,http://dbpedia.org/resource/Burnden_Park,Unknown
http://dbpedia.org/resource/1995–96_Chelsea_F.C._season,1995–96 Chelsea F.C. season,Unknown,Unknown
http://dbpedia.org/resource/1995–96_Coventry_City_F.C._season,1995–96 Coventry City F.C. season,http://dbpedia.org/resource/Highfield_Road,Unknown
http://dbpedia.org/resource/1995–96_Everton_F.C._season,1995–96 Everton F.C. season,http://dbpedia.org/resource/Goodison_Park,Unknown
http://dbpedia.org/resource/1995–96_Leeds_United_A.F.C._season,1995–96 Leeds United A.F.C. season,http://dbpedia.org/resource/Elland_Road,Unknown
http://dbpedia.org/resource/1995–96_Liverpool_F.C._season,1995–96 Liverpool F.C. season,Unknown,Unknown
http://dbpedia.org/resource/1995–96_Manchester_City_F.C._season,1995–96 Manchester City F.C. season,http://dbpedia.org/resource/Maine_Road,Unknown
http://dbpedia.org/resource/1995–96_Manchester_United_F.C._season,1995–96 Manchester United F.C. season,Unknown,Unknown
http://dbpedia.org/resource/1995–96_Middlesbrough_F.C._season,1995–96 Middlesbrough F.C. season,http://dbpedia.org/resource/Riverside_Stadium,Unknown
http://dbpedia.org/resource/1995–96_Newcastle_United_F.C._season,1995–96 Newcastle United F.C. season,http://dbpedia.org/resource/St_James'_Park,Unknown
http://dbpedia.org/resource/1995–96_Nottingham_Forest_F.C._season,1995–96 Nottingham Forest F.C. season,http://dbpedia.org/resource/City_Ground,Unknown
http://dbpedia.org/resource/1995–96_Queens_Park_Rangers_F.C._season,1995–96 Queens Park Rangers F.C. season,http://dbpedia.org/resource/Loftus_Road,Unknown
http://dbpedia.org/resource/1995–96_Sheffield_Wednesday_F.C._season,1995–96 Sheffield Wednesday F.C. season,Unknown,Unknown
http://dbpedia.org/resource/1995–96_Southampton_F.C._season,1995–96 Southampton F.C. season,http://dbpedia.org/resource/The_Dell_(Southampton),Unknown
http://dbpedia.org/resource/1995–96_Tottenham_Hotspur_F.C._season,1995–96 Tottenham Hotspur F.C. season,http://dbpedia.org/resource/White_Hart_Lane,Unknown
http://dbpedia.org/resource/1995–96_West_Ham_United_F.C._season,1995–96 West Ham United F.C. season,http://dbpedia.org/resource/Boleyn_Ground,Unknown
http://dbpedia.org/resource/1995–96_Wimbledon_F.C._season,1995–96 Wimbledon F.C. season,http://dbpedia.org/resource/Selhurst_Park,Unknown
http://dbpedia.org/resource/1996–97_Arsenal_F.C._season,1996–97 Arsenal F.C. season,http://dbpedia.org/resource/Arsenal_Stadium,Unknown
http://dbpedia.org/resource/1996–97_Aston_Villa_F.C._season,1996–97 Aston Villa F.C. season,http://dbpedia.org/resource/Villa_Park,Unknown
http://dbpedia.org/resource/1996–97_Blackburn_Rovers_F.C._season,1996–97 Blackburn Rovers F.C. season,http://dbpedia.org/resource/Ewood_Park,Unknown
http://dbpedia.org/resource/1996–97_Chelsea_F.C._season,1996–97 Chelsea F.C. season,Unknown,Unknown
http://dbpedia.org/resource/1996–97_Coventry_City_F.C._season,1996–97 Coventry City F.C. season,http://dbpedia.org/resource/Highfield_Road,Unknown
http://dbpedia.org/resource/1996–97_Derby_County_F.C._season,1996–97 Derby County F.C. season,http://dbpedia.org/resource/Baseball_Ground,Unknown
http://dbpedia.org/resource/1996–97_Everton_F.C._season,1996–97 Everton F.C. season,http://dbpedia.org/resource/Goodison_Park,Unknown
http://dbpedia.org/resource/1996–97_Leeds_United_A.F.C._season,1996–97 Leeds United A.F.C. season,http://dbpedia.org/resource/Elland_Road,Unknown
http://dbpedia.org/resource/1996–97_Leicester_City_F.C._season,1996–97 Leicester City F.C. season,http://dbpedia.org/resource/Filbert_Street,Unknown
http://dbpedia.org/resource/1996–97_Liverpool_F.C._season,1996–97 Liverpool F.C. season,Unknown,Unknown
http://dbpedia.org/resource/1996–97_Middlesbrough_F.C._season,1996–97 Middlesbrough F.C. season,http://dbpedia.org/resource/Riverside_Stadium,Unknown
http://dbpedia.org/resource/1996–97_Newcastle_United_F.C._season,1996–97 Newcastle United F.C. season,http://dbpedia.org/resource/St_James'_Park,Unknown
http://dbpedia.org/resource/1996–97_Nottingham_Forest_F.C._season,1996–97 Nottingham Forest F.C. season,http://dbpedia.org/resource/City_Ground,Unknown
http://dbpedia.org/resource/1996–97_Sheffield_Wednesday_F.C._season,1996–97 Sheffield Wednesday F.C. season,Unknown,Unknown
http://dbpedia.org/resource/1996–97_Southampton_F.C._season,1996–97 Southampton F.C. season,http://dbpedia.org/resource/The_Dell_(Southampton),Unknown
http://dbpedia.org/resource/1996–97_Sunderland_A.F.C._season,1996–97 Sunderland A.F.C. season,http://dbpedia.org/resource/Roker_Park,Unknown
http://dbpedia.org/resource/1996–97_Tottenham_Hotspur_F.C._season,1996–97 Tottenham Hotspur F.C. season,http://dbpedia.org/resource/White_Hart_Lane,Unknown
http://dbpedia.org/resource/1996–97_West_Ham_United_F.C._season,1996–97 West Ham United F.C. season,http://dbpedia.org/resource/Boleyn_Ground,Unknown
http://dbpedia.org/resource/1996–97_Wimbledon_F.C._season,1996–97 Wimbledon F.C. season,http://dbpedia.org/resource/Selhurst_Park,Unknown
http://dbpedia.org/resource/1997–98_Arsenal_F.C._season,1997–98 Arsenal F.C. season,http://dbpedia.org/resource/Arsenal_Stadium,Unknown
http://dbpedia.org/resource/1997–98_Aston_Villa_F.C._season,1997–98 Aston Villa F.C. season,http://dbpedia.org/resource/Villa_Park,Unknown
http://dbpedia.org/resource/1997–98_Barnsley_F.C._season,1997–98 Barnsley F.C. season,http://dbpedia.org/resource/Oakwell,Unknown
http://dbpedia.org/resource/1997–98_Blackburn_Rovers_F.C._season,1997–98 Blackburn Rovers F.C. season,http://dbpedia.org/resource/Ewood_Park,Unknown
http://dbpedia.org/resource/1997–98_Bolton_Wanderers_F.C._season,1997–98 Bolton Wanderers F.C. season,http://dbpedia.org/resource/Toughsheet_Community_Stadium,Unknown
http://dbpedia.org/resource/1997–98_Chelsea_F.C._season,1997–98 Chelsea F.C. season,Unknown,Unknown
http://dbpedia.org/resource/1997–98_Coventry_City_F.C._season,1997–98 Coventry City F.C. season,http://dbpedia.org/resource/Highfield_Road,Unknown
http://dbpedia.org/resource/1997–98_Crystal_Palace_F.C._season,1997–98 Crystal Palace F.C. season,http://dbpedia.org/resource/Selhurst_Park,Unknown
http://dbpedia.org/resource/1997–98_Derby_County_F.C._season,1997–98 Derby County F.C. season,http://dbpedia.org/resource/Pride_Park_Stadium,Unknown
http://dbpedia.org/resource/1997–98_Everton_F.C._season,1997–98 Everton F.C. season,http://dbpedia.org/resource/Goodison_Park,Unknown
http://dbpedia.org/resource/1997–98_Leeds_United_A.F.C._season,1997–98 Leeds United A.F.C. season,http://dbpedia.org/resource/Elland_Road,Unknown
http://dbpedia.org/resource/1997–98_Leicester_City_F.C._season,1997–98 Leicester City F.C. season,http://dbpedia.org/resource/Filbert_Street,Unknown
http://dbpedia.org/resource/1997–98_Liverpool_F.C._season,1997–98 Liverpool F.C. season,http://dbpedia.org/resource/Anfield,Unknown
http://dbpedia.org/resource/1997–98_Newcastle_United_F.C._season,1997–98 Newcastle United F.C. season,http://dbpedia.org/resource/St_James'_Park,Unknown
http://dbpedia.org/resource/1997–98_Sheffield_Wednesday_F.C._season,1997–98 Sheffield Wednesday F.C. season,Unknown,Unknown
http://dbpedia.org/resource/1997–98_Southampton_F.C._season,1997–98 Southampton F.C. season,http://dbpedia.org/resource/The_Dell_(Southampton),Unknown
http://dbpedia.org/resource/1997–98_Tottenham_Hotspur_F.C._season,1997–98 Tottenham Hotspur F.C. season,http://dbpedia.org/resource/White_Hart_Lane,Unknown
http://dbpedia.org/resource/1997–98_West_Ham_United_F.C._season,1997–98 West Ham United F.C. season,http://dbpedia.org/resource/Boleyn_Ground,Unknown
http://dbpedia.org/resource/1997–98_Wimbledon_F.C._season,1997–98 Wimbledon F.C. season,http://dbpedia.org/resource/Selhurst_Park,Unknown
http://dbpedia.org/resource/1998–99_Arsenal_F.C._season,1998–99 Arsenal F.C. season,http://dbpedia.org/resource/Arsenal_Stadium,Unknown
http://dbpedia.org/resource/1998–99_Aston_Villa_F.C._season,1998–99 Aston Villa F.C. season,http://dbpedia.org/resource/Villa_Park,Unknown
http://dbpedia.org/resource/1998–99_Blackburn_Rovers_F.C._season,1998–99 Blackburn Rovers F.C. season,Unknown,Unknown
http://dbpedia.org/resource/1998–99_Charlton_Athletic_F.C._season,1998–99 Charlton Athletic F.C. season,http://dbpedia.org/resource/The_Valley_(stadium),Unknown
http://dbpedia.org/resource/1998–99_Chelsea_F.C._season,1998–99 Chelsea F.C. season,Unknown,Unknown
http://dbpedia.org/resource/1998–99_Coventry_City_F.C._season,1998–99 Coventry City F.C. season,http://dbpedia.org/resource/Highfield_Road,Unknown
http://dbpedia.org/resource/1998–99_Derby_County_F.C._season,1998–99 Derby County F.C. season,http://dbpedia.org/resource/Pride_Park_Stadium,Unknown
http://dbpedia.org/resource/1998–99_Everton_F.C._season,1998–99 Everton F.C. season,http://dbpedia.org/resource/Goodison_Park,Unknown
http://dbpedia.org/resource/1998–99_Leeds_United_A.F.C._season,1998–99 Leeds United A.F.C. season,http://dbpedia.org/resource/Elland_Road,Unknown
http://dbpedia.org/resource/1998–99_Leicester_City_F.C._season,1998–99 Leicester City F.C. season,http://dbpedia.org/resource/Filbert_Street,Unknown
http://dbpedia.org/resource/1998–99_Liverpool_F.C._season,1998–99 Liverpool F.C. season,http://dbpedia.org/resource/Anfield,Unknown
http://dbpedia.org/resource/1998–99_Middlesbrough_F.C._season,1998–99 Middlesbrough F.C. season,http://dbpedia.org/resource/Riverside_Stadium,Unknown
http://dbpedia.org/resource/1998–99_Newcastle_United_F.C._season,1998–99 Newcastle United F.C. season,http://dbpedia.org/resource/St_James'_Park,Unknown
http://dbpedia.org/resource/1998–99_Nottingham_Forest_F.C._season,1998–99 Nottingham Forest F.C. season,http://dbpedia.org/resource/City_Ground,Unknown
http://dbpedia.org/resource/1998–99_Sheffield_Wednesday_F.C._season,1998–99 Sheffield Wednesday F.C. season,Unknown,Unknown
http://dbpedia.org/resource/1998–99_Southampton_F.C._season,1998–99 Southampton F.C. season,http://dbpedia.org/resource/The_Dell_(Southampton),Unknown
http://dbpedia.org/resource/1998–99_Tottenham_Hotspur_F.C._season,1998–99 Tottenham Hotspur F.C. season,http://dbpedia.org/resource/White_Hart_Lane,Unknown
http://dbpedia.org/resource/1998–99_West_Ham_United_F.C._season,1998–99 West Ham United F.C. season,http://dbpedia.org/resource/Boleyn_Ground,Unknown
http://dbpedia.org/resource/1998–99_Wimbledon_F.C._season,1998–99 Wimbledon F.C. season,http://dbpedia.org/resource/Selhurst_Park,Unknown
http://dbpedia.org/resource/1999–2000_Arsenal_F.C._season,1999–2000 Arsenal F.C. season,http://dbpedia.org/resource/UEFA_Cup,Unknown
http://dbpedia.org/resource/1999–2000_Aston_Villa_F.C._season,1999–2000 Aston Villa F.C. season,http://dbpedia.org/resource/Villa_Park,Unknown
http://dbpedia.org/resource/1999–2000_Bradford_City_A.F.C._season,1999–2000 Bradford City A.F.C. season,http://dbpedia.org/resource/Valley_Parade,Unknown
http://dbpedia.org/resource/1999–2000_Chelsea_F.C._season,1999–2000 Chelsea F.C. season,Unknown,Unknown
http://dbpedia.org/resource/1999–2000_Coventry_City_F.C._season,1999–2000 Coventry City F.C. season,http://dbpedia.org/resource/Highfield_Road,Unknown
http://dbpedia.org/resource/1999–2000_Derby_County_F.C._season,1999–2000 Derby County F.C. season,http://dbpedia.org/resource/Pride_Park_Stadium,Unknown
http://dbpedia.org/resource/1999–2000_Everton_F.C._season,1999–2000 Everton F.C. season,http://dbpedia.org/resource/Goodison_Park,Unknown
http://dbpedia.org/resource/1999–2000_Leeds_United_A.F.C._season,1999–2000 Leeds United A.F.C. season,http://dbpedia.org/resource/Elland_Road,Unknown
http://dbpedia.org/resource/1999–2000_Leicester_City_F.C._season,1999–2000 Leicester City F.C. season,http://dbpedia.org/resource/Filbert_Street,Unknown
http://dbpedia.org/resource/1999–2000_Liverpool_F.C._season,1999–2000 Liverpool F.C. season,Unknown,Unknown
http://dbpedia.org/resource/1999–2000_Middlesbrough_F.C._season,1999–2000 Middlesbrough F.C. season,http://dbpedia.org/resource/Riverside_Stadium,Unknown
http://dbpedia.org/resource/1999–2000_Newcastle_United_F.C._season,1999–2000 Newcastle United F.C. season,http://dbpedia.org/resource/St_James'_Park,Unknown
http://dbpedia.org/resource/1999–2000_Sheffield_Wednesday_F.C._season,1999–2000 Sheffield Wednesday F.C. season,Unknown,Unknown
http://dbpedia.org/resource/1999–2000_Southampton_F.C._season,1999–2000 Southampton F.C. season,http://dbpedia.org/resource/The_Dell_(Southampton),Unknown
http://dbpedia.org/resource/1999–2000_Sunderland_A.F.C._season,1999–2000 Sunderland A.F.C. season,http://dbpedia.org/resource/Stadium_of_Light,Unknown
http://dbpedia.org/resource/1999–2000_Tottenham_Hotspur_F.C._season,1999–2000 Tottenham Hotspur F.C. season,http://dbpedia.org/resource/White_Hart_Lane,Unknown
http://dbpedia.org/resource/1999–2000_Watford_F.C._season,1999–2000 Watford F.C. season,http://dbpedia.org/resource/Vicarage_Road,Unknown
http://dbpedia.org/resource/1999–2000_West_Ham_United_F.C._season,1999–2000 West Ham United F.C. season,http://dbpedia.org/resource/Boleyn_Ground,Unknown
http://dbpedia.org/resource/1999–2000_Wimbledon_F.C._season,1999–2000 Wimbledon F.C. season,http://dbpedia.org/resource/Selhurst_Park,Unknown
http://dbpedia.org/resource/2000–01_Arsenal_F.C._season,2000–01 Arsenal F.C. season,http://dbpedia.org/resource/Arsenal_Stadium,Unknown
http://dbpedia.org/resource/2000–01_Aston_Villa_F.C._season,2000–01 Aston Villa F.C. season,http://dbpedia.org/resource/Villa_Park,Unknown
http://dbpedia.org/resource/2000–01_Bradford_City_A.F.C._season,2000–01 Bradford City A.F.C. season,http://dbpedia.org/resource/Valley_Parade,Unknown
http://dbpedia.org/resource/2000–01_Charlton_Athletic_F.C._season,2000–01 Charlton Athletic F.C. season,http://dbpedia.org/resource/The_Valley_(stadium),Unknown
http://dbpedia.org/resource/2000–01_Chelsea_F.C._season,2000–01 Chelsea F.C. season,Unknown,Unknown
http://dbpedia.org/resource/2000–01_Coventry_City_F.C._season,2000–01 Coventry City F.C. season,http://dbpedia.org/resource/Highfield_Road,Unknown
http://dbpedia.org/resource/2000–01_Derby_County_F.C._season,2000–01 Derby County F.C. season,http://dbpedia.org/resource/Pride_Park_Stadium,Unknown
http://dbpedia.org/resource/2000–01_Everton_F.C._season,2000–01 Everton F.C. season,Unknown,Unknown
http://dbpedia.org/resource/2000–01_Ipswich_Town_F.C._season,2000–01 Ipswich Town F.C. season,http://dbpedia.org/resource/Portman_Road,Unknown
http://dbpedia.org/resource/2000–01_Leeds_United_A.F.C._season,2000–01 Leeds United A.F.C. season,http://dbpedia.org/resource/Elland_Road,Unknown
http://dbpedia.org/resource/2000–01_Leicester_City_F.C._season,2000–01 Leicester City F.C. season,http://dbpedia.org/resource/Filbert_Street,Unknown
http://dbpedia.org/resource/2000–01_Liverpool_F.C._season,2000–01 Liverpool F.C. season,Unknown,Unknown
http://dbpedia.org/resource/2000–01_Manchester_City_F.C._season,2000–01 Manchester City F.C. season,http://dbpedia.org/resource/Maine_Road,Unknown
http://dbpedia.org/resource/2000–01_Middlesbrough_F.C._season,2000–01 Middlesbrough F.C. season,http://dbpedia.org/resource/Riverside_Stadium,Unknown
http://dbpedia.org/resource/2000–01_Newcastle_United_F.C._season,2000–01 Newcastle United F.C. season,http://dbpedia.org/resource/St_James'_Park,Unknown
http://dbpedia.org/resource/2000–01_Southampton_F.C._season,2000–01 Southampton F.C. season,http://dbpedia.org/resource/The_Dell_(Southampton),Unknown
http://dbpedia.org/resource/2000–01_Sunderland_A.F.C._season,2000–01 Sunderland A.F.C. season,http://dbpedia.org/resource/Stadium_of_Light,Unknown
http://dbpedia.org/resource/2000–01_Tottenham_Hotspur_F.C._season,2000–01 Tottenham Hotspur F.C. season,http://dbpedia.org/resource/White_Hart_Lane,Unknown
http://dbpedia.org/resource/2000–01_West_Ham_United_F.C._season,2000–01 West Ham United F.C. season,http://dbpedia.org/resource/Boleyn_Ground,Unknown
http://dbpedia.org/resource/2001–02_Arsenal_F.C._season,2001–02 Arsenal F.C. season,http://dbpedia.org/resource/Arsenal_Stadium,Unknown
http://dbpedia.org/resource/2001–02_Aston_Villa_F.C._season,2001–02 Aston Villa F.C. season,http://dbpedia.org/resource/Villa_Park,Unknown
http://dbpedia.org/resource/2001–02_Blackburn_Rovers_F.C._season,2001–02 Blackburn Rovers F.C. season,Unknown,Unknown
http://dbpedia.org/resource/2001–02_Bolton_Wanderers_F.C._season,2001–02 Bolton Wanderers F.C. season,http://dbpedia.org/resource/Toughsheet_Community_Stadium,Unknown
http://dbpedia.org/resource/2001–02_Charlton_Athletic_F.C._season,2001–02 Charlton Athletic F.C. season,http://dbpedia.org/resource/The_Valley_(stadium),Unknown
http://dbpedia.org/resource/2001–02_Chelsea_F.C._season,2001–02 Chelsea F.C. season,Unknown,Unknown
http://dbpedia.org/resource/2001–02_Derby_County_F.C._season,2001–02 Derby County F.C. season,http://dbpedia.org/resource/Pride_Park_Stadium,Unknown
http://dbpedia.org/resource/2001–02_Everton_F.C._season,2001–02 Everton F.C. season,http://dbpedia.org/resource/Goodison_Park,Unknown
http://dbpedia.org/resource/2001–02_Fulham_F.C._season,2001–02 Fulham F.C. season,http://dbpedia.org/resource/Craven_Cottage,Unknown
http://dbpedia.org/resource/2001–02_Ipswich_Town_F.C._season,2001–02 Ipswich Town F.C. season,http://dbpedia.org/resource/Portman_Road,Unknown
http://dbpedia.org/resource/2001–02_Leeds_United_A.F.C._season,2001–02 Leeds United A.F.C. season,http://dbpedia.org/resource/Elland_Road,Unknown
http://dbpedia.org/resource/2001–02_Leicester_City_F.C._season,2001–02 Leicester City F.C. season,http://dbpedia.org/resource/Filbert_Street,Unknown
http://dbpedia.org/resource/2001–02_Liverpool_F.C._season,2001–02 Liverpool F.C. season,Unknown,Unknown
http://dbpedia.org/resource/2001–02_Newcastle_United_F.C._season,2001–02 Newcastle United F.C. season,http://dbpedia.org/resource/St_James'_Park,Unknown
http://dbpedia.org/resource/2001–02_Southampton_F.C._season,2001–02 Southampton F.C. season,http://dbpedia.org/resource/St_Mary's_Stadium,Unknown
http://dbpedia.org/resource/2001–02_Sunderland_A.F.C._season,2001–02 Sunderland A.F.C. season,http://dbpedia.org/resource/Stadium_of_Light,Unknown
http://dbpedia.org/resource/2001–02_Tottenham_Hotspur_F.C._season,2001–02 Tottenham Hotspur F.C. season,http://dbpedia.org/resource/White_Hart_Lane,Unknown
http://dbpedia.org/resource/2001–02_West_Ham_United_F.C._season,2001–02 West Ham United F.C. season,http://dbpedia.org/resource/Boleyn_Ground,Unknown
http://dbpedia.org/resource/2002–03_Arsenal_F.C._season,2002–03 Arsenal F.C. season,http://dbpedia.org/resource/Arsenal_Stadium,Unknown
http://dbpedia.org/resource/2002–03_Aston_Villa_F.C._season,2002–03 Aston Villa F.C. season,Unknown,Unknown
http://dbpedia.org/resource/2002–03_Blackburn_Rovers_F.C._season,2002–03 Blackburn Rovers F.C. season,Unknown,Unknown
